Type,Point,Line,Poly,Vertex,Preset_Path,OSM_Tag,OSM_Line,OSM_Poly,JSON_Fields,JSON_Terms,JSON_Maki,JSON_Icon,JSON_Maki_Line,JSON_Icon_Line,JSON_Maki_Poly,JSON_Icon_Poly,JSON_Matchscore,POI,POI_Values,POI_Default,POI_OSM_Tags,POI_GIS_Tags,Road,Road_Values,Road_Default,Road_OSM_Tags,Road_GIS_Tags,Trail,Trail_Values,Trail_Default,Trail_OSM_Tags,Trail_GIS_Tags,Building,Building_Values,Building_Default,Building_OSM_Tags,Building_GIS_Tags,OSM_Wiki_Link
Administrative Office,x,,,,nps/office/government,"{""office"":""government""}",,x,"{name,operator,address,opening_hours}","{""administrative office"",""admin office"",government,""civil service""}",maki,commercial,,,,,10,Yes,"{""POITYPE"":""Administrative Office""}",,"{""name"",""entrance""}","{""POINAME"",""POIFEATTYPE""}",,,,,,,,,,,Yes,,,"{""name""}","{""Common_Name""}",http://wiki.openstreetmap.org/wiki/Tag:office%3Dgovernment
Airport,x,,x,,nps/aeroway/aerodrome,"{""aeroway"":""aerodrome""}",,x,"{name,operator,address,icao,iata}","{airport,aeroway,aerodrome}",npmaki,airport-black,,,,,10,Yes,"{""POITYPE"":""Airport""}",,"{""name"",""entrance""}","{""POINAME"",""POIFEATTYPE""}",,,,,,,,,,,,,,,,http://wiki.openstreetmap.org/wiki/Tag:aeroway%3Daerodrome
Airstrip,x,,,,nps/aeroway/airstrip,"{""aeroway"":""aerodrome"",""aerodrome"":""airstrip""}",,x,"{name,operator,address,icao,iata}","{airstrip,aeroway,aerodrome,""air field"",""landing strip"",""landing field""}",maki,airfield,,,,,10,Yes,"{""POITYPE"":""Airstrip""}",,"{""name"",""entrance""}","{""POINAME"",""POIFEATTYPE""}",,,,,,,,,,,,,,,,http://wiki.openstreetmap.org/wiki/Proposed_features/Aerodrome
Amphitheater,x,,,,nps/amenity/amphitheater,"{""amenity"":""theatre"",""theatre:type"":""amphi""}",,x,"{name,operator,address}","{amphitheater,theatre,theater,""opera house"",playhouse,performance,play,musical}",npmaki,amphitheater-black,,,,,10,Yes,"{""POITYPE"":""Amphitheater""}",,"{""name"",""entrance""}","{""POINAME"",""POIFEATTYPE""}",,,,,,,,,,,,,,,,http://wiki.openstreetmap.org/wiki/Tag:amenity%3Dtheatre
Apartments,x,,,,nps/building/apartments,"{""building"":""apartments""}",,x,"{name,address,levels}","{apartments,apartment,""apartment building""}",maki,building,,,,,10,Yes,"{""POITYPE"":""Apartments""}",,"{""name"",""entrance""}","{""POINAME"",""POIFEATTYPE""}",,,,,,,,,,,Yes,,,"{""name""}","{""Common_Name""}",http://wiki.openstreetmap.org/wiki/Tag:building%3Dapartments
Arch,x,,,,nps/natural/arch,"{""natural"":""arch""}",x,x,{name},"{arch,bridge,""natural bridge"",""sea arch""}",,,,,,,10,Yes,"{""POITYPE"":""Arch""}",,"{""name"",""entrance""}","{""POINAME"",""POIFEATTYPE""}",,,,,,,,,,,,,,,,http://wiki.openstreetmap.org/wiki/Proposed_features/Natural_arch
Arroyo,x,x,,,nps/waterway/arroyo,"{""waterway"":""drain"",""intermittent"":""yes""}",x,,{name},"{arroyo,coulee,draw,gully,wash}",maki,water,,,,,10,Yes,"{""POITYPE"":""Arroyo""}",,"{""name"",""entrance""}","{""POINAME"",""POIFEATTYPE""}",,,,,,,,,,,,,,,,"http://wiki.openstreetmap.org/wiki/Albuquerque,_New_Mexico"
ATV Trail,x,x,,,nps/highway/atv_trail,"{""highway"":""track"",""atv"":""yes""}",x,,"{name,operator,tracktype,surface,width,incline,mtb/scale,mtb/scale/uphill,mtb/scale/imba,sac_scale,trail_visibility,nps/trailuse,structure}","{""atv trail"",atv,""all terrain vehicle"",quad,4wd,""4 wheeler"",""four-wheeler"",off-road,""off road"",trail,track,structure}",nps,All-terrain trail,,highway-track,,,10,Yes,"{""POITYPE"":""ATV Trail""}",,"{""name"",""entrance""}","{""POINAME"",""POIFEATTYPE""}",,,,,,Yes,"{""TRLFEATTYPE"":""Park Trail"",""TRLSTATUS"":""Existing"",""TRLTYPE"":""Unknown"",""TRLUSE_ATV"":""Yes""}",,"{""name"",""tracktype""}","{""TRLNAME"",""TRLCLASS""}",,,,,,http://wiki.openstreetmap.org/wiki/Key:atv
Backcountry Ski Trail,x,x,,,nps/piste_type/skitour,"{""piste:type"":""skitour""}",x,,"{name,operator,tracktype,surface,width,incline,mtb/scale,mtb/scale/uphill,mtb/scale/imba,sac_scale,trail_visibility,nps/trailuse,piste/difficulty}","{""backcountry ski trail"",""backcountry ski"",backcountry,trail,track,structure}",,,,highway-path,,,10,Yes,"{""POITYPE"":""Backcountry Ski Trail""}",,"{""name"",""entrance""}","{""POINAME"",""POIFEATTYPE""}",,,,,,Yes,"{""TRLFEATTYPE"":""Park Trail"",""TRLSTATUS"":""Existing"",""TRLTYPE"":""Unknown"",""TRLUSE_SKITOUR"":""Yes""}",,"{""name"",""tracktype""}","{""TRLNAME"",""TRLCLASS""}",,,,,,http://wiki.openstreetmap.org/wiki/Key:piste:type
Barn,x,,,,nps/building/barn,"{""building"":""barn""}",,x,"{name,address,levels,landuse}",{barn},maki,farm,,,,,10,Yes,"{""POITYPE"":""Barn""}",,"{""name"",""entrance""}","{""POINAME"",""POIFEATTYPE""}",,,,,,,,,,,Yes,,,"{""name""}","{""Common_Name""}",http://wiki.openstreetmap.org/wiki/Tag:building%3Dbarn
Basin,x,,x,,nps/landuse/basin,"{""landuse"":""basin""}",,x,{name},{basin},,,,,,,10,Yes,"{""POITYPE"":""Basin""}",,"{""name"",""entrance""}","{""POINAME"",""POIFEATTYPE""}",,,,,,,,,,,,,,,,http://wiki.openstreetmap.org/wiki/Tag:landuse%3Dbasin
Bay,x,,,,nps/natural/bay,"{""natural"":""bay""}",,x,{name},"{bay,arm,bight,cove,estuary,gulf,inlet,sound}",,,,,,,10,Yes,"{""POITYPE"":""Bay""}",,"{""name"",""entrance""}","{""POINAME"",""POIFEATTYPE""}",,,,,,,,,,,,,,,,http://wiki.openstreetmap.org/wiki/Tag:natural%3Dbay
Beach,x,,,,nps/natural/beach,"{""natural"":""beach""}",,x,"{name,surface}","{beach,coast,shore,strand}",,,,,,,10,Yes,"{""POITYPE"":""Beach""}",,"{""name"",""entrance""}","{""POINAME"",""POIFEATTYPE""}",,,,,,,,,,,,,,,,http://wiki.openstreetmap.org/wiki/Tag:natural%3Dbeach
Bench,x,,,,nps/amenity/bench,"{""amenity"":""bench""}",x,,"{name,operator,backrest,direction,seats,material}","{bench,seat}",,,,,,,10,Yes,"{""POITYPE"":""Bench""}",,"{""name"",""entrance""}","{""POINAME"",""POIFEATTYPE""}",,,,,,,,,,,,,,,,http://wiki.openstreetmap.org/wiki/Tag:amenity%3Dbench
Bicycle Trail,x,x,,,nps/highway/bicycle_trail,"{""highway"":""path"",""bicycle"":""yes""}",x,,"{name,operator,tracktype,surface,width,incline,mtb/scale,mtb/scale/uphill,mtb/scale/imba,sac_scale,trail_visibility,nps/trailuse,structure}","{""bicycle trail"",bicycle,trail,track}",npmaki,bike-trail-black,,highway-track,,,10,Yes,"{""POITYPE"":""Bicycle Trail""}",,"{""name"",""entrance""}","{""POINAME"",""POIFEATTYPE""}",,,,,,Yes,"{""TRLFEATTYPE"":""Park Trail"",""TRLSTATUS"":""Existing"",""TRLTYPE"":""Unknown"",""TRLUSE_BICYCLE"":""Yes""}",,"{""name"",""tracktype""}","{""TRLNAME"",""TRLCLASS""}",,,,,,http://wiki.openstreetmap.org/wiki/Key:bicycle
Boat Launch,x,,,,nps/leisure/slipway,"{""leisure"":""slipway""}",x,,"{name,operator,whitewater,width,section_grade,nps/wateruse}","{""boat launch"",slipway,""boat ramp""}",npmaki,boat-launch-black,,,,,10,Yes,"{""POITYPE"":""Boat Launch""}",,"{""name"",""entrance""}","{""POINAME"",""POIFEATTYPE""}",,,,,,,,,,,,,,,,http://wiki.openstreetmap.org/wiki/Tag:leisure%3Dslipway
Building,x,,x,,nps/building/yes_building,"{""building"":""*""}",,x,"{name,address,levels}","{building,structure}",maki,building,,,,,10,Yes,"{""POITYPE"":""Building""}",,"{""name"",""entrance""}","{""POINAME"",""POIFEATTYPE""}",,,,,,,,,,,Yes,,,"{""name""}","{""Common_Name""}",http://wiki.openstreetmap.org/wiki/Key:building
Building Under Construction,x,,,,nps/building/construction,"{""building"":""construction""}",,x,"{name,address,levels}","{""building under construction"",construction,""under construction""}",maki,building,,,,,10,Yes,"{""POITYPE"":""Building Under Construction""}",,"{""name"",""entrance""}","{""POINAME"",""POIFEATTYPE""}",,,,,,,,,,,Yes,,,"{""name""}","{""Common_Name""}",http://wiki.openstreetmap.org/wiki/Tag:building%3Dconstruction
Bunker,x,,,,nps/building/bunker,"{""building"":""bunker""}",,x,"{name,address,levels,bunker_type}","{bunker,""military bunker""}",maki,building,,,,,10,Yes,"{""POITYPE"":""Bunker""}",,"{""name"",""entrance""}","{""POINAME"",""POIFEATTYPE""}",,,,,,,,,,,Yes,,,"{""name""}","{""Common_Name""}",http://wiki.openstreetmap.org/wiki/Tag:building%3Dbunker
Bus Stop / Shuttle Stop,x,,,,nps/highway/bus_stop,"{""highway"":""bus_stop""}",,,"{name,operator,address,public_transport,network,shelter,bench}","{""bus stop / shuttle stop"",""bus stop"",""shuttle stop"",""bus station""}",npmaki,bus-stop-black,,,,,10,Yes,"{""POITYPE"":""Bus Stop / Shuttle Stop""}",,"{""name"",""entrance""}","{""POINAME"",""POIFEATTYPE""}",,,,,,,,,,,,,,,,http://wiki.openstreetmap.org/wiki/Tag:highway%3Dbus_stop
Cabin,x,,,,nps/building/cabin,"{""building"":""cabin""}",,x,"{name,address,levels}",{cabin},maki,building,,,,,10,Yes,"{""POITYPE"":""Cabin""}",,"{""name"",""entrance""}","{""POINAME"",""POIFEATTYPE""}",,,,,,,,,,,Yes,,,"{""name""}","{""Common_Name""}",http://wiki.openstreetmap.org/wiki/Tag:building%3Dcabin
Campfire,x,,x,,nps/leisure/firepit,"{""leisure"":""firepit""}",,x,{name},"{campfire,firepit,fireplace}",npmaki,campfire-black,,,,,10,Yes,"{""POITYPE"":""Campfire""}",,"{""name"",""entrance""}","{""POINAME"",""POIFEATTYPE""}",,,,,,,,,,,,,,,,http://wiki.openstreetmap.org/wiki/Tag:leisure%3Dfirepit
Campground,x,,,,nps/tourism/campground,"{""tourism"":""camp_site""}",,x,"{name,operator,address,opening_hours,capacity,fee}",{campground},npmaki,campground-black,,,,,10,Yes,"{""POITYPE"":""Campground""}",,"{""name"",""entrance""}","{""POINAME"",""POIFEATTYPE""}",,,,,,,,,,,,,,,,http://wiki.openstreetmap.org/wiki/Tag:tourism%3Dcamp_site
Campsite,x,,,,nps/tourism/camp_site,"{""tourism"":""camp_site"",""camp_site"":""pitch""}",,x,"{name,operator,address,opening_hours,capacity,fee}","{campsite,""camp site""}",npmaki,campground-black,,,,,10,Yes,"{""POITYPE"":""Campsite""}",,"{""name"",""entrance""}","{""POINAME"",""POIFEATTYPE""}",,,,,,,,,,,,,,,,http://wiki.openstreetmap.org/wiki/Tag:tourism%3Dcamp_site
Canal,x,x,,,nps/waterway/canal,"{""waterway"":""canal""}",x,,{name},"{canal,ditch,lateal}",maki,water,,waterway-canal,,,10,Yes,"{""POITYPE"":""Canal""}",,"{""name"",""entrance""}","{""POINAME"",""POIFEATTYPE""}",,,,,,,,,,,,,,,,http://wiki.openstreetmap.org/wiki/Tag:waterway%3Dcanal
Canoe Access,x,,,,nps/access/canoe,"{""leisure"":""slipway"",""canoe"":""yes""}",,,"{name,operator,whitewater,width,section_grade,nps/wateruse}","{""canoe access"",canoe,kayak,raft,trail,track}",npmaki,canoe-access-black,,,,,10,Yes,"{""POITYPE"":""Canoe Access""}",,"{""name"",""entrance""}","{""POINAME"",""POIFEATTYPE""}",,,,,,,,,,,,,,,,http://wiki.openstreetmap.org/wiki/Tag:access%3Dcanoe
Cape,x,,,,nps/natural/cape,"{""natural"":""cape""}",,,{name},"{cape,lea,neck,peninsula,point}",,,,,,,10,Yes,"{""POITYPE"":""Cape""}",,"{""name"",""entrance""}","{""POINAME"",""POIFEATTYPE""}",,,,,,,,,,,,,,,,http://wiki.openstreetmap.org/wiki/Tag:natural%3Dcape
Cathedral,x,,,,nps/building/cathedral,"{""building"":""cathedral""}",,x,"{name,address,levels,religion}",{cathedral},maki,place-of-worship,,,,,10,Yes,"{""POITYPE"":""Cathedral""}",,"{""name"",""entrance""}","{""POINAME"",""POIFEATTYPE""}",,,,,,,,,,,Yes,,,"{""name""}","{""Common_Name""}",http://wiki.openstreetmap.org/wiki/Tag:building%3Dcathedral
Cave Entrance,x,,,,nps/natural/cave_entrance,"{""natural"":""cave_entrance""}",,x,{name},"{cave,cavern,grotto}",nps,Spelunking/Caves,,,,,10,Yes,"{""POITYPE"":""Cave Entrance""}",,"{""name"",""entrance""}","{""POINAME"",""POIFEATTYPE""}",,,,,,,,,,,,,,,,http://wiki.openstreetmap.org/wiki/Tag:natural%3Dcave_entrance
Cemetery,x,,x,,nps/landuse/cemetery,"{""landuse"":""cemetery""}",,x,{name},"{cemetery,graveyard}",maki,cemetary,,,,,10,Yes,"{""POITYPE"":""Cemetery""}",,"{""name"",""entrance""}","{""POINAME"",""POIFEATTYPE""}",,,,,,,,,,,,,,,,http://wiki.openstreetmap.org/wiki/Tag:landuse%3Dcemetery
Chapel,x,,,,nps/building/chapel,"{""building"":""chapel""}",,x,"{name,address,levels,religion}",{chapel},maki,place-of-worship,,,,,10,Yes,"{""POITYPE"":""Chapel""}",,"{""name"",""entrance""}","{""POINAME"",""POIFEATTYPE""}",,,,,,,,,,,Yes,,,"{""name""}","{""Common_Name""}",http://wiki.openstreetmap.org/wiki/Tag:building%3Dchapel
Church,x,,,,nps/building/church,"{""building"":""church""}",,x,"{name,address,levels,religion}",{church},maki,place-of-worship,,,,,10,Yes,"{""POITYPE"":""Church""}",,"{""name"",""entrance""}","{""POINAME"",""POIFEATTYPE""}",,,,,,,,,,,Yes,,,"{""name""}","{""Common_Name""}",http://wiki.openstreetmap.org/wiki/Tag:building%3Dchurch
Cliff,x,,,,nps/natural/cliff,"{""natural"":""cliff""}",x,x,"{name,height}","{cliff,bluff,crag,head,headland,nose,palisades,precipice,promontory,rim,rimrock}",,,,,,,10,Yes,"{""POITYPE"":""Cliff""}",,"{""name"",""entrance""}","{""POINAME"",""POIFEATTYPE""}",,,,,,,,,,,,,,,,http://wiki.openstreetmap.org/wiki/Tag:natural%3Dcliff
Commercial Building,x,,,,nps/building/commercial,"{""building"":""commercial""}",,x,"{name,address,levels,smoking}","{""commercial building"",commercial}",maki,commercial,,,,,10,Yes,"{""POITYPE"":""Commercial Building""}",,"{""name"",""entrance""}","{""POINAME"",""POIFEATTYPE""}",,,,,,,,,,,Yes,,,"{""name""}","{""Common_Name""}",http://wiki.openstreetmap.org/wiki/Tag:building%3Dcommercial
Cross-Country Ski Trail,x,x,,,nps/piste_type/nordic,"{""piste:type"":""nordic""}",x,,"{name,operator,tracktype,surface,width,incline,mtb/scale,mtb/scale/uphill,mtb/scale/imba,sac_scale,trail_visibility,nps/trailuse,piste/difficulty}","{""cross-country ski trail"",""cross-country ski"",cross-country,""nordic ski trail"",""nordic ski"",nordic,xcs,trail,track}",npmaki,cross-country-ski-trail-black,,highway-path,,,10,Yes,"{""POITYPE"":""Cross-Country Ski Trail""}",,"{""name"",""entrance""}","{""POINAME"",""POIFEATTYPE""}",,,,,,Yes,"{""TRLFEATTYPE"":""Park Trail"",""TRLSTATUS"":""Existing"",""TRLTYPE"":""Unknown"",""TRLUSE_NORDIC"":""Yes""}",,"{""name"",""tracktype""}","{""TRLNAME"",""TRLCLASS""}",,,,,,http://wiki.openstreetmap.org/wiki/Key:piste:type
Dam,x,x,,,nps/waterway/dam,"{""waterway"":""dam""}",x,x,{name},"{dam,breakwater,dike,jetty}",maki,dam,,,,,10,Yes,"{""POITYPE"":""Dam""}",,"{""name"",""entrance""}","{""POINAME"",""POIFEATTYPE""}",,,,,,,,,,,,,,,,http://wiki.openstreetmap.org/wiki/Tag:waterway%3Ddam
Detached Home,x,,,,nps/building/detached,"{""building"":""detached""}",,x,"{name,address,levels}","{""detached home"",detached,""detached building""",maki,building,,,,,10,Yes,"{""POITYPE"":""Detached Home""}",,"{""name"",""entrance""}","{""POINAME"",""POIFEATTYPE""}",,,,,,,,,,,Yes,,,"{""name""}","{""Common_Name""}",http://wiki.openstreetmap.org/wiki/Tag:building%3Ddetached
Dog Sled Trail,x,x,,,nps/highway/dog_sled_trail,"{""piste:type"":""sleigh""}",x,,"{name,operator,tracktype,surface,width,incline,mtb/scale,mtb/scale/uphill,mtb/scale/imba,sac_scale,trail_visibility,nps/trailuse,piste/difficulty}","{""dog sled trail"",""dog sled"",""mushing trail"",""mushing"",""winter track"",trail,track}",,,,highway-track,,,10,Yes,"{""POITYPE"":""Dog Sled Trail""}",,"{""name"",""entrance""}","{""POINAME"",""POIFEATTYPE""}",,,,,,Yes,"{""TRLFEATTYPE"":""Park Trail"",""TRLSTATUS"":""Existing"",""TRLTYPE"":""Unknown"",""TRLUSE_DOGSLED"":""Yes""}",,"{""name"",""tracktype""}","{""TRLNAME"",""TRLCLASS""}",,,,,,http://wiki.openstreetmap.org/wiki/Key:piste:type
Dormitory,x,,,,nps/building/dormitory,"{""building"":""dormitory""}",,x,"{name,address,levels}","{dormitory,""residence hall"",dormatorium,dorm}",maki,building,,,,,10,Yes,"{""POITYPE"":""Dormitory""}",,"{""name"",""entrance""}","{""POINAME"",""POIFEATTYPE""}",,,,,,,,,,,Yes,,,"{""name""}","{""Common_Name""}",http://wiki.openstreetmap.org/wiki/Tag:building%3Ddormitory
Downhill Ski Trail,x,x,,,nps/piste_type/downhill,"{""piste:type"":""downhill""}",x,,"{name,operator,tracktype,surface,width,incline,mtb/scale,mtb/scale/uphill,mtb/scale/imba,sac_scale,trail_visibility,nps/trailuse,piste/difficulty}","{""downhill ski trail"",""downhill ski"",downhill,""alpine ski trail"",""alpine ski"",alpine,trail,track}",npmaki,downhill-skiing-black,,highway-path,,,10,Yes,"{""POITYPE"":""Downhill Ski Trail""}",,"{""name"",""entrance""}","{""POINAME"",""POIFEATTYPE""}",,,,,,Yes,"{""TRLFEATTYPE"":""Park Trail"",""TRLSTATUS"":""Existing"",""TRLTYPE"":""Unknown"",""TRLUSE_DOWNHILL"":""Yes""}",,"{""name"",""tracktype""}","{""TRLNAME"",""TRLCLASS""}",,,,,,http://wiki.openstreetmap.org/wiki/Key:piste:type
Drinking Water,x,,,,nps/amenity/drinking_water,"{""amenity"":""drinking_water""}",,,"{name,operator,description,indoor,access}","{""drinking water"",fountain,potable}",npmaki,drinking-water-black,,,,,10,Yes,"{""POITYPE"":""Drinking Water""}",,"{""name"",""entrance""}","{""POINAME"",""POIFEATTYPE""}",,,,,,,,,,,,,,,,http://wiki.openstreetmap.org/wiki/Tag:amenity%3Ddrinking_water
Dune,x,,,,nps/natural/dune,"{""natural"":""dune""}",,x,{name},"{dune,""sand dune""}",,,,,,,10,Yes,"{""POITYPE"":""Dune""}",,"{""name"",""entrance""}","{""POINAME"",""POIFEATTYPE""}",,,,,,,,,,,,,,,,http://wiki.openstreetmap.org/wiki/Tag:natural%3Ddune
Dyke (Levee),x,,x,,nps/man_made/dyke,"{""man_made"":""dyke""}",x,x,"{name,operator}","{dyke,levee}",,,,,,,10,Yes,"{""POITYPE"":""Dyke (Levee)""}",,"{""name"",""entrance""}","{""POINAME"",""POIFEATTYPE""}",,,,,,,,,,,,,,,,http://wiki.openstreetmap.org/wiki/Tag:man_made%3Ddyke
Emergency Telephone,x,,,,nps/emergency/phone,"{""emergency"":""phone""}",,,"{name,operator,address}","{""emergency telephone"",""emergency phone"",phone,emergency}",npmaki,telephone-black,,,,,10,Yes,"{""POITYPE"":""Emergency Telephone""}",,"{""name"",""entrance""}","{""POINAME"",""POIFEATTYPE""}",,,,,,,,,,,,,,,,http://wiki.openstreetmap.org/wiki/Tag:emergency%3Dphone
Entrance Station,x,,,,nps/barrier/entrance,"{""barrier"":""entrance""}",,,"{name,operator,address,opening_hours}","{""entrance station"",entrance,entry,gateway,portal}",npmaki,ranger-station-black,,,,,10,Yes,"{""POITYPE"":""Entrance Station""}",,"{""name"",""entrance""}","{""POINAME"",""POIFEATTYPE""}",,,,,,,,,,,,,,,,http://wiki.openstreetmap.org/wiki/Tag:barrier%3Dentrance
Equestrian Trail,x,x,,,nps/highway/equestrian_trail,"{""highway"":""path"",""horse"":""yes""}",x,,"{name,operator,tracktype,surface,width,incline,mtb/scale,mtb/scale/uphill,mtb/scale/imba,sac_scale,trail_visibility,nps/trailuse,structure}","{""equestrian trail"",equestrian,bridleway,""horse riding"",horse,trail,track}",npmaki,horseback-riding-black,,highway-track,,,10,Yes,"{""POITYPE"":""Equestrian Trail""}",,"{""name"",""entrance""}","{""POINAME"",""POIFEATTYPE""}",,,,,,Yes,"{""TRLFEATTYPE"":""Park Trail"",""TRLSTATUS"":""Existing"",""TRLTYPE"":""Unknown"",""TRLUSE_HORSE"":""Yes""}",,"{""name"",""surface"",""tracktype""}","{""TRLNAME"",""TRLSURFACE"",""TRLCLASS""}",,,,,,http://wiki.openstreetmap.org/wiki/Key:horse
Exhibit / Wayside,x,,,x,nps/tourism/attraction,"{""tourism"":""attraction""}",x,x,"{name,operator,address,opening_hours}","{""exhibit / wayside"",exhibit,wayside,attraction,""tourist attraction""}",npmaki,information-black,,,,,10,Yes,"{""POITYPE"":""Exhibit / Wayside""}",,"{""name"",""entrance""}","{""POINAME"",""POIFEATTYPE""}",,,,,,,,,,,,,,,,http://wiki.openstreetmap.org/wiki/Tag:tourism%3Dattraction
Ferry Terminal,x,,,,nps/amenity/ferry_terminal,"{""amenity"":""ferry_terminal""}",,x,"{name,operator,address,cargo}","{""ferry terminal""}",maki,ferry,,,,,10,Yes,"{""POITYPE"":""Ferry Terminal""}",,"{""name"",""entrance""}","{""POINAME"",""POIFEATTYPE""}",,,,,,,,,,,,,,,,http://wiki.openstreetmap.org/wiki/Tag:amenity%3Dferry_terminal
Fire Station,x,,,,nps/amenity/fire_station,"{""amenity"":""fire_station""}",,x,"{name,operator,address}","{""fire station"",""fire department"",emergency}",maki,fire-station,,,,,10,Yes,"{""POITYPE"":""Fire Station""}",,"{""name"",""entrance""}","{""POINAME"",""POIFEATTYPE""}",,,,,,,,,,,Yes,,,"{""name""}","{""Common_Name""}",http://wiki.openstreetmap.org/wiki/Tag:amenity%3Dfire_station
First Aid Station,x,,,,nps/amenity/first_aid,"{""amenity"":""first_aid""}",,x,"{name,operator,address}","{""first aid station"",""first aid"",medical,emergency}",npmaki,first-aid-black,,,,,10,Yes,"{""POITYPE"":""First Aid Station""}",,"{""name"",""entrance""}","{""POINAME"",""POIFEATTYPE""}",,,,,,,,,,,,,,,,http://wiki.openstreetmap.org/wiki/Tag:amenity%3Dfirst_aid
Fishing,x,,,,nps/leisure/fishing,"{""leisure"":""fishing""}",,x,{name},{fishing},npmaki,fishing-black,,,,,10,Yes,"{""POITYPE"":""Fishing""}",,"{""name"",""entrance""}","{""POINAME"",""POIFEATTYPE""}",,,,,,,,,,,,,,,,http://wiki.openstreetmap.org/wiki/Tag:leisure%3Dfishing
Food Service,x,,,,nps/amenity/food_court,"{""amenity"":""food_court""}",,x,"{name,operator,address,opening_hours}","{""food service"",""food court"",cafe,restaurant}",npmaki,food-service-black,,,,,10,Yes,"{""POITYPE"":""Food Service""}",,"{""name"",""entrance""}","{""POINAME"",""POIFEATTYPE""}",,,,,,,,,,,Yes,,,"{""name""}","{""Common_Name""}",http://wiki.openstreetmap.org/wiki/Tag:amenity%3Dfood_court
Forest,x,,x,,nps/landuse/forest,"{""landuse"":""forest""}",,x,"{name,leaf_type,leaf_cycle,crop}","{forest,wood,park,jungle}",maki,park,,,,,10,Yes,"{""POITYPE"":""Forest""}",,"{""name"",""entrance""}","{""POINAME"",""POIFEATTYPE""}",,,,,,,,,,,,,,,,http://wiki.openstreetmap.org/wiki/Tag:landuse%3Dforest
Fortification,x,,x,,nps/historic/fortification,"{""historic"":""archaeological_site"",""site_type"":""fortification""}",,x,"{name,site_type}","{fortification,fort,earthworks,""hill fort"",trench}",nps,Fort,,,,,10,Yes,"{""POITYPE"":""Fortification""}",,"{""name"",""entrance""}","{""POINAME"",""POIFEATTYPE""}",,,,,,,,,,,,,,,,http://wiki.openstreetmap.org/wiki/Tag:historic%3Darchaeological_site
Fountain,x,,,,nps/amenity/fountain,"{""amenity"":""fountain""}",,x,"{name,operator,address,drinking_water,lit}","{fountain,well}",,,,,,,10,Yes,"{""POITYPE"":""Fountain""}",,"{""name"",""entrance""}","{""POINAME"",""POIFEATTYPE""}",,,,,,,,,,,,,,,,http://wiki.openstreetmap.org/wiki/Tag:amenity%3Dfountain
Four-Wheel Drive Road,,x,,,nps/highway/four_wheel_drive_road,"{""highway"":""road"",""4wd_only"":""yes""}",x,,"{name,operator,surface,width,maxspeed,oneway,lanes,nps/trailuse,structure}","{""four-wheel drive road"",4wd,""4 wheeler"",""4-wheeler"",""four wheeler"",""four-wheeler""}",npmaki,four-wheel-drive-road-black,,highway-road,,,10,,,,,,Yes,"{""RDSTATUS"":""Existing"",""RDMAINTAINER"":""NPS"",""RDCLASS"":""4WD""}",,"{""name"",""surface"",""oneway"",""lanes""}","{""RDNAME"",""RDSURFACE"",""RDONEWAY"",""RDLANES""}",,,,,,,,,,,http://wiki.openstreetmap.org/wiki/Tag:4wd_only%3Dyes
Four-Wheel Drive Trail,x,x,,,nps/highway/four_wheel_drive_trail,"{""highway"":""track"",""4wd_only"":""yes""}",x,,"{name,operator,tracktype,surface,width,incline,mtb/scale,mtb/scale/uphill,mtb/scale/imba,sac_scale,trail_visibility,nps/trailuse,structure}","{""four-wheel drive trail"",atv,""all terrain vehicle"",quad,4wd,""4 wheeler"",""four-wheeler"",off-road,""off road"",trail,track}",nps,All-terrain trail,,highway-track,,,10,Yes,"{""POITYPE"":""Four-Wheel Drive Trail""}",,"{""name"",""entrance""}","{""POINAME"",""POIFEATTYPE""}",,,,,,Yes,"{""TRLFEATTYPE"":""Park Trail"",""TRLSTATUS"":""Existing"",""TRLTYPE"":""Unknown"",""TRLUSE_4WD"":""Yes""}",,"{""name"",""surface"",""tracktype""}","{""TRLNAME"",""TRLSURFACE"",""TRLCLASS""}",,,,,,http://wiki.openstreetmap.org/wiki/Tag:4wd_only%3Dyes
Garage,x,,,,nps/building/garage,"{""building"":""garage""}",,x,"{name,address,levels,capacity}",{garage},maki,warehouse,,,,,10,Yes,"{""POITYPE"":""Garage""}",,"{""name"",""entrance""}","{""POINAME"",""POIFEATTYPE""}",,,,,,,,,,,Yes,,,"{""name""}","{""Common_Name""}",http://wiki.openstreetmap.org/wiki/Tag:building%3Dgarage
Garages,x,,,,nps/building/garages,"{""building"":""garages""}",,x,"{name,address,levels,capacity}",{garages},maki,warehouse,,,,,10,Yes,"{""POITYPE"":""Garages""}",,"{""name"",""entrance""}","{""POINAME"",""POIFEATTYPE""}",,,,,,,,,,,Yes,,,"{""name""}","{""Common_Name""}",http://wiki.openstreetmap.org/wiki/Tag:building%3Dgarages
Gas Station,x,,,,nps/amenity/fuel,"{""amenity"":""fuel""}",,x,"{name,operator,address,opening_hours}","{""gas station"",fuel,""petrol station"",petrol,propane,diesel,lng,""liquified natural gas"",cng,""compressed natural gas"",biodiesel}",npmaki,gas-station-black,,,,,10,Yes,"{""POITYPE"":""Gas Station""}",,"{""name"",""entrance""}","{""POINAME"",""POIFEATTYPE""}",,,,,,,,,,,,,,,,http://wiki.openstreetmap.org/wiki/Tag:amenity%3Dfuel
Geyser,x,,,,nps/natural/geyser,"{""natural"":""geyser""}",,x,{name},"{geyser,gusher,spout,""hot spring"",""thermal spring""}",,,,,,,10,Yes,"{""POITYPE"":""Geyser""}",,"{""name"",""entrance""}","{""POINAME"",""POIFEATTYPE""}",,,,,,,,,,,,,,,,http://wiki.openstreetmap.org/wiki/Tag:naturak%3Dgeyser
Glacier,x,,,,nps/natural/glacier,"{""natural"":""glacier""}",x,x,"{name,surface,direction}","{glacier,icefield,""ice patch"",""snow patch""}",,,,,,,10,Yes,"{""POITYPE"":""Glacier""}",,"{""name"",""entrance""}","{""POINAME"",""POIFEATTYPE""}",,,,,,,,,,,,,,,,http://wiki.openstreetmap.org/wiki/Tag:natural%3Dglacier
Golf Course,x,,x,,nps/leisure/golf_course,"{""leisure"":""golf_course""}",,x,"{name,operator,address,opening_hours}","{""golf course""}",npmaki,golfing-black,,,,,10,Yes,"{""POITYPE"":""Golf Course""}",,"{""name"",""entrance""}","{""POINAME"",""POIFEATTYPE""}",,,,,,,,,,,,,,,,http://wiki.openstreetmap.org/wiki/Tag:leisure%3Dgolf_course
Grassland (Plain),x,,,,nps/natural/grassland,"{""natural"":""grassland""}",,x,{name},"{grassland,plain,highland,kula,upland}",,,,,,,10,Yes,"{""POITYPE"":""Grassland (Plain)""}",,"{""name"",""entrance""}","{""POINAME"",""POIFEATTYPE""}",,,,,,,,,,,,,,,,http://wiki.openstreetmap.org/wiki/Tag:natural%3Dgrassland
Grave,x,,,,nps/cemetery/grave,"{""cemetery"":""grave""}",,x,"{memorial,subject/name,subject/species,subject/birth,subject/death,religion}","{grave,tomb}",maki,cemetary,,,,,10,Yes,"{""POITYPE"":""Grave""}",,"{""name"",""entrance""}","{""POINAME"",""POIFEATTYPE""}",,,,,,,,,,,,,,,,http://wiki.openstreetmap.org/wiki/Tag:cemetery%3Dgrave
Greenhouse,x,,,,nps/building/greenhouse,"{""building"":""greenhouse""}",,x,"{name,address,levels}","{greenhouse,glasshouse,garden}",maki,garden,,,,,10,Yes,"{""POITYPE"":""Greenhouse""}",,"{""name"",""entrance""}","{""POINAME"",""POIFEATTYPE""}",,,,,,,,,,,Yes,,,"{""name""}","{""Common_Name""}",http://wiki.openstreetmap.org/wiki/Tag:building%3Dgreenhouse
Guidepost,x,,,,nps/tourism/guidepost,"{""tourism"":""information"",""information"":""guidepost""}",,,"{name,operator,address,opening_hours}","{guidepost,""guide post"",information}",npmaki,self-guiding-trail-black,,,,,10,Yes,"{""POITYPE"":""Guidepost""}",,"{""name"",""entrance""}","{""POINAME"",""POIFEATTYPE""}",,,,,,,,,,,,,,,,http://wiki.openstreetmap.org/wiki/Tag:information%3Dguidepost
Harbor,x,,,,nps/harbour/yes_harbour,"{""harbour"":""*""}",,x,"{name,operator,address}","{harbour,harbor,marina}",maki,harbor,,,,,10,Yes,"{""POITYPE"":""Harbor""}",,"{""name"",""entrance""}","{""POINAME"",""POIFEATTYPE""}",,,,,,,,,,,,,,,,http://wiki.openstreetmap.org/wiki/Harbour
Headquarters,x,,,,nps/building/gov_headquarters,"{""building"":""office"",""office"":""government"",""function"":""headquarters""}",,x,"{name,operator,address,opening_hours}","{headquarters,office,""government headquarters"",""government office"",""office building""}",maki,commercial,,,,,10,Yes,"{""POITYPE"":""Headquarters""}",,"{""name"",""entrance""}","{""POINAME"",""POIFEATTYPE""}",,,,,,,,,,,Yes,,,"{""name""}","{""Common_Name""}",http://wiki.openstreetmap.org/wiki/Tag:building%3Doffice
Historic Building,x,,,,nps/historic/building,"{""historic"":""building""}",,x,"{name,site_type}","{""historic building""}",nps,Ruin,,,,,10,Yes,"{""POITYPE"":""Historic Building""}",,"{""name"",""entrance""}","{""POINAME"",""POIFEATTYPE""}",,,,,,,,,,,Yes,,,"{""name""}","{""Common_Name""}",http://wiki.openstreetmap.org/wiki/Tag:historic%3Dbuilding
Historic Mine,x,,x,,nps/historic/mine,"{""historic"":""mine""}",,,"{name,description,mineral}","{""historic mine""}",nps,Ruin,,,,,10,Yes,"{""POITYPE"":""Historic Mine""}",,"{""name"",""entrance""}","{""POINAME"",""POIFEATTYPE""}",,,,,,,,,,,,,,,,http://wiki.openstreetmap.org/wiki/Tag:historic%3Dmine
Historic Ruins,x,,x,,nps/historic/ruins,"{""historic"":""ruins""}",x,x,{name},"{""historic ruins"",ruins}",nps,Ruin,,,,,10,Yes,"{""POITYPE"":""Historic Ruins""}",,"{""name"",""entrance""}","{""POINAME"",""POIFEATTYPE""}",,,,,,,,,,,,,,,,http://wiki.openstreetmap.org/wiki/Tag:historic%3Druins
Historic Site,x,,x,,nps/historic/yes_historic,"{""historic"":""*""}",x,x,"{name,site_type}","{""historic site"",historic,site}",nps,Ruin,,,,,10,Yes,"{""POITYPE"":""Historic Site""}",,"{""name"",""entrance""}","{""POINAME"",""POIFEATTYPE""}",,,,,,,,,,,,,,,,http://wiki.openstreetmap.org/wiki/Key:historic
Hospital Building,x,,,,nps/building/hospital,"{""building"":""hospital""}",,x,"{name,operator,address,emergency}","{""hospital building"",hospital,ward,institution,infirmary,clinic,""emergency room"",doctor,""health service"",sick,surgery,medical,emergency}",npmaki,hospital-black,,,,,10,Yes,"{""POITYPE"":""Hospital Building""}",,"{""name"",""entrance""}","{""POINAME"",""POIFEATTYPE""}",,,,,,,,,,,Yes,,,"{""name""}","{""Common_Name""}",http://wiki.openstreetmap.org/wiki/Tag:building%3Dhospital
Hospital Grounds,x,,,,nps/amenity/hospital,"{""amenity"":""hospital""}",,x,"{name,operator,address,opening_hours,emergency}","{""hospital grounds"",hospital,ward,institution,infirmary,clinic,""emergency room"",doctor,""health service"",sick,surgery,medical,emergency}",npmaki,hospital-black,,,,,10,Yes,"{""POITYPE"":""Hospital Grounds""}",,"{""name"",""entrance""}","{""POINAME"",""POIFEATTYPE""}",,,,,,,,,,,,,,,,http://wiki.openstreetmap.org/wiki/Tag:amenity%3Dhospital
Hotel Building,x,,,,nps/building/hotel,"{""building"":""hotel""}",,x,"{name,address,levels,smoking}",{hotel},npmaki,lodging-black,,,,,10,Yes,"{""POITYPE"":""Hotel Building""}",,"{""name"",""entrance""}","{""POINAME"",""POIFEATTYPE""}",,,,,,,,,,,Yes,,,"{""name""}","{""Common_Name""}",http://wiki.openstreetmap.org/wiki/Tag:building%3Dhotel
House,x,,,,nps/building/house,"{""building"":""house""}",,x,"{name,address,levels}",{house},maki,building,,,,,10,Yes,"{""POITYPE"":""House""}",,"{""name"",""entrance""}","{""POINAME"",""POIFEATTYPE""}",,,,,,,,,,,Yes,,,"{""name""}","{""Common_Name""}",http://wiki.openstreetmap.org/wiki/Tag:building%3Dhouse
Hut,x,,,,nps/building/hut,"{""building"":""hut""}",,x,"{name,address,levels}",{hut},npmaki,shelter-black,,,,,10,Yes,"{""POITYPE"":""Hut""}",,"{""name"",""entrance""}","{""POINAME"",""POIFEATTYPE""}",,,,,,,,,,,Yes,,,"{""name""}","{""Common_Name""}",http://wiki.openstreetmap.org/wiki/Tag:building%3Dhut
Ice Rink,x,,x,,nps/leisure/ice_rink,"{""leisure"":""ice_rink""}",,x,"{name,operator,address,opening_hours,seasonal,sport}","{""ice rink"",hockey,skating,curling}",npmaki,ice-skating-black,,,,,10,Yes,"{""POITYPE"":""Ice Rink""}",,"{""name"",""entrance""}","{""POINAME"",""POIFEATTYPE""}",,,,,,,,,,,,,,,,http://wiki.openstreetmap.org/wiki/Tag:leisure%3Dice_rink
Industrial Building,x,,,,nps/building/industrial,"{""building"":""industrial""}",,x,"{name,address,levels,smoking}","{""industrial building"",industrial}",maki,industrial,,,,,10,Yes,"{""POITYPE"":""Industrial Building""}",,"{""name"",""entrance""}","{""POINAME"",""POIFEATTYPE""}",,,,,,,,,,,Yes,,,"{""name""}","{""Common_Name""}",http://wiki.openstreetmap.org/wiki/Tag:building%3Dindustrial
Information,x,,,,nps/tourism/information,"{""tourism"":""information""}",,x,"{name,operator,address,opening_hours}","{information,""tourist information""}",npmaki,information-black,,,,,10,Yes,"{""POITYPE"":""Information""}",,"{""name"",""entrance""}","{""POINAME"",""POIFEATTYPE""}",,,,,,,,,,,,,,,,http://wiki.openstreetmap.org/wiki/Tag:tourism%3Dinformation
Information Map,x,,,,nps/tourism/map,"{""tourism"":""information"",""information"":""map""}",,,"{name,operator,address,opening_hours}","{""information map"",information,map}",npmaki,information-black,,,,,10,Yes,"{""POITYPE"":""Information  Map""}",,"{""name"",""entrance""}","{""POINAME"",""POIFEATTYPE""}",,,,,,,,,,,,,,,,http://wiki.openstreetmap.org/wiki/Tag:information%3Dmap
Island,x,,,,nps/place/island,"{""place"":""island""}",,x,{name},"{island,archipelago,atoll,cay,hammock,hummock,isla,isle,islet,key,moku,rock}",,,,,,,10,Yes,"{""POITYPE"":""Island""}",,"{""name"",""entrance""}","{""POINAME"",""POIFEATTYPE""}",,,,,,,,,,,,,,,,http://wiki.openstreetmap.org/wiki/Tag:place%3Disland
Isthmus,x,,,,nps/natural/isthmus,"{""natural"":""isthmus""}",,x,{name},{isthmus},,,,,,,10,Yes,"{""POITYPE"":""Isthmus""}",,"{""name"",""entrance""}","{""POINAME"",""POIFEATTYPE""}",,,,,,,,,,,,,,,,http://wiki.openstreetmap.org/wiki/Tag:natural%3Disthmus
Lake,x,,,,nps/natural/water/lake,"{""natural"":""water"",""water"":""lake""}",,x,{name},"{lake,backwater,lac,lagoon,laguna,pond,pool,resaca,waterhole,lakelet,loch,mere}",maki,water,,,,,10,Yes,"{""POITYPE"":""Lake""}",,"{""name"",""entrance""}","{""POINAME"",""POIFEATTYPE""}",,,,,,,,,,,,,,,,http://wiki.openstreetmap.org/wiki/Tag:natural%3Dwater
Lava,x,,,,nps/natural/lava,"{""natural"":""lava""}",,x,{name},"{lava,kepula,""lava flow""}",,,,,,,10,Yes,"{""POITYPE"":""Lava""}",,"{""name"",""entrance""}","{""POINAME"",""POIFEATTYPE""}",,,,,,,,,,,,,,,,http://wiki.openstreetmap.org/wiki/Tag:natural%3Dlava
Locale,x,,,,nps/place/locality,"{""place"":""locality""}",,x,"{name,population}","{locale,locality,location,place}",maki,marker,,,,,10,Yes,"{""POITYPE"":""Locale""}",,"{""name"",""entrance""}","{""POINAME"",""POIFEATTYPE""}",,,,,,,,,,,,,,,,http://wiki.openstreetmap.org/wiki/Tag:place%3Dlocality
Lodge,x,,,,nps/tourism/alpine_hut,"{""tourism"":""alpine_hut""}",,x,"{name,operator,address,opening_hours}","{lodge,""alpine hut"",""wilderness hut"",hut}",npmaki,lodging-black,,,,,10,Yes,"{""POITYPE"":""Lodge""}",,"{""name"",""entrance""}","{""POINAME"",""POIFEATTYPE""}",,,,,,,,,,,Yes,,,"{""name""}","{""Common_Name""}",http://wiki.openstreetmap.org/wiki/Tag:tourism%3Dalpine_hut
Lodging,x,,,,nps/tourism/hotel,"{""tourism"":""hotel""}",,x,"{name,address,levels,smoking}","{lodging,hotel,motel,resort}",npmaki,lodging-black,,,,,10,Yes,"{""POITYPE"":""Lodging""}",,"{""name"",""entrance""}","{""POINAME"",""POIFEATTYPE""}",,,,,,,,,,,Yes,,,"{""name""}","{""Common_Name""}",http://wiki.openstreetmap.org/wiki/Tag:tourism%3Dhotel
Marina,x,,x,,nps/leisure/marina,"{""leisure"":""marina""}",,x,"{name,operator,address,capacity,mooring}","{marina,harbour,harbor}",npmaki,marina-black,,,,,10,Yes,"{""POITYPE"":""Marina""}",,"{""name"",""entrance""}","{""POINAME"",""POIFEATTYPE""}",,,,,,,,,,,,,,,,http://wiki.openstreetmap.org/wiki/Tag:leisure%3Dmarina
Metro Stop / Subway Entrance,x,,,,nps/railway/subway_entrance,"{""railway"":""subway_entrance""}",,,{name},"{""metro stop / subway entrance"",""metro stop"",""subway entrance"",""subway exit""}",maki,rail-metro,,,,,10,Yes,"{""POITYPE"":""Metro Stop / Subway Entrance""}",,"{""name"",""entrance""}","{""POINAME"",""POIFEATTYPE""}",,,,,,,,,,,,,,,,http://wiki.openstreetmap.org/wiki/Tag:railway%3Dsubway_entrance
Military Area,x,,x,,nps/landuse/military,"{""landuse"":""military""}",,x,{name},"{""military area""}",,,,,,,10,Yes,"{""POITYPE"":""Military Area""}",,"{""name"",""entrance""}","{""POINAME"",""POIFEATTYPE""}",,,,,,,,,,,,,,,,http://wiki.openstreetmap.org/wiki/Tag:landuse%3Dmilitary
Monument,x,,x,,nps/historic/monument,"{""historic"":""monument""}",,x,{name},"{monument,""historic monument""}",maki,monument,,,,,10,Yes,"{""POITYPE"":""Monument""}",,"{""name"",""entrance""}","{""POINAME"",""POIFEATTYPE""}",,,,,,,,,,,,,,,,http://wiki.openstreetmap.org/wiki/Tag:historic%3Dmonument
Motorcycle Trail,x,x,,,nps/highway/motorcycle_trail,"{""highway"":""track"",""motorcycle"":""yes""}",x,,"{name,operator,tracktype,surface,width,incline,mtb/scale,mtb/scale/uphill,mtb/scale/imba,sac_scale,trail_visibility,nps/wateruse}","{""motorcycle trail"",motorcycle,trail,track}",npmaki,motor-bike-trail-black,,highway-track,,,10,Yes,"{""POITYPE"":""Motorcycle Trail""}",,"{""name"",""entrance""}","{""POINAME"",""POIFEATTYPE""}",,,,,,Yes,"{""TRLFEATTYPE"":""Park Trail"",""TRLSTATUS"":""Existing"",""TRLTYPE"":""Unknown"",""TRLUSE_MOTORCYCLE"":""Yes""}",,"{""name"",""surface"",""tracktype""}","{""TRLNAME"",""TRLSURFACE"",""TRLCLASS""}",,,,,,http://wiki.openstreetmap.org/wiki/Key:motorcycle
Motorized Watercraft Trail,,x,,,nps/motorboat/yes_motorboat,"{""motorboat"":""yes"",""waterway"":""yes""}",x,,"{name,operator,whitewater,width,section_grade,nps/wateruse}","{""motorized watercraft trail"",""motorized watercraft"",motorboat,trail,track}",,,,highway-track,,,10,,,,,,,,,,,Yes,"{""TRLFEATTYPE"":""Park Trail"",""TRLSTATUS"":""Existing"",""TRLTYPE"":""Unknown"",""TRLUSE_MOTORBOAT"":""Yes""}",,"{""name"",""surface"",""tracktype""}","{""TRLNAME"",""TRLSURFACE"",""TRLCLASS""}",,,,,,http://wiki.openstreetmap.org/wiki/Key:motorboat
Mountain Pass (Gap),x,,,x,nps/mountain/yes_mountains,"{""mountain"":""yes""}",,,{name},"{""mountain pass"",gap,col,notch,pass,saddle,""water gap"",""wind gap""}",,,,,,,10,Yes,"{""POITYPE"":""Mountain Pass (Gap)""}",,"{""name"",""entrance""}","{""POINAME"",""POIFEATTYPE""}",,,,,,,,,,,,,,,,http://wiki.openstreetmap.org/wiki/Key:mountain_pass
Non-Motorized Watercraft Trail,,x,,,nps/canoe/yes_canoe,"{""canoe"":""yes"",""waterway"":""yes""}",x,,"{name,operator,whitewater,width,section_grade,nps/wateruse}","{""non-motorized watercraft trail"",""non-motorized watercraft"",canoe,kayak,raft,trail,track}",,,,highway-track,,,10,,,,,,,,,,,Yes,"{""TRLFEATTYPE"":""Park Trail"",""TRLSTATUS"":""Existing"",""TRLTYPE"":""Unknown"",""TRLUSE_CANOE"":""Yes""}",,"{""name"",""surface"",""tracktype""}","{""TRLNAME"",""TRLSURFACE"",""TRLCLASS""}",,,,,,http://wiki.openstreetmap.org/wiki/Key:canoe
Office,x,,,,nps/building/office,"{""building"":""office""}",,x,"{name,address,levels,smoking}","{office,""office building""}",maki,commercial,,,,,10,Yes,"{""POITYPE"":""Office""}",,"{""name"",""entrance""}","{""POINAME"",""POIFEATTYPE""}",,,,,,,,,,,Yes,,,"{""name""}","{""Common_Name""}",http://wiki.openstreetmap.org/wiki/Tag:building%3Doffice
Oilfield,x,,x,,nps/man_made/oilfield,"{""man_made"":""oilfield""}",,x,"{name,operator,resource}",{oilfield},maki,oil-well,,,,,10,Yes,"{""POITYPE"":""Oilfield""}",,"{""name"",""entrance""}","{""POINAME"",""POIFEATTYPE""}",,,,,,,,,,,,,,,,http://wiki.openstreetmap.org/wiki/Tag:man_made%3Doilfield
Park,x,,x,,nps/leisure/park,"{""leisure"":""park""}",,x,"{name,operator}","{park,""green area"",""national park"",""state park"",""city park"",""recreation area"",woodland,parkland}",maki,park,,,,,10,Yes,"{""POITYPE"":""Park""}",,"{""name"",""entrance""}","{""POINAME"",""POIFEATTYPE""}",,,,,,,,,,,,,,,,http://wiki.openstreetmap.org/wiki/Tag:leisure%3Dpark
Parking,x,,x,x,nps/amenity/parking,"{""amenity"":""parking""}",,x,"{name,operator,address,capacity,maxstay,fee,nps/trailuse}","{parking,""car parking"",""vehicle parking"",""parking lot"",""car park""}",npmaki,parking-black,,,,,10,Yes,"{""POITYPE"":""Parking""}",,"{""name"",""entrance""}","{""POINAME"",""POIFEATTYPE""}",,,,,,,,,,,,,,,,http://wiki.openstreetmap.org/wiki/Tag:amenity%3Dparking
Parking Aisle,,x,,,nps/highway/service/parking_aisle,"{""highway"":""service"",""service"":""parking_aisle""}",x,,"{name,surface,oneway,nps/trailuse,structure}","{""parking aisle""}",,,,highway-service,,,10,,,,,,Yes,"{""RDSTATUS"":""Existing"",""RDMAINTAINER"":""NPS"",""RDCLASS"":""Service""}",,"{""name"",""surface"",""oneway"",""lanes""}","{""RDNAME"",""RDSURFACE"",""RDONEWAY"",""RDLANES""}",,,,,,,,,,,http://wiki.openstreetmap.org/wiki/Tag:service%3Dparking_aisle
Peak,x,,,,nps/natural/peak,"{""natural"":""peak""}",,,"{name,ele}","{peak,summit,ahu,berg,bald,butte,cerro,colina,cone,cumbre,dome,head,hill,horn,knob,knoll,mauna,mesa,mesita,mound,mount,mountain,puu,rock,sugarload,table,acme,aiguille,alp,climax,crest,crown,pinnacle,tip,top}",maki,triangle,,,,,10,Yes,"{""POITYPE"":""Peak""}",,"{""name"",""entrance""}","{""POINAME"",""POIFEATTYPE""}",,,,,,,,,,,,,,,,http://wiki.openstreetmap.org/wiki/Tag:natural%3Dpeak
Picnic Area,x,,,,nps/tourism/picnic_site,"{""tourism"":""picnic_site""}",,x,"{name,operator,address,opening_hours,fee}","{""picnic area"",""picnic site"",picnic}",npmaki,picnic-area-black,,,,,10,Yes,"{""POITYPE"":""Picnic Area""}",,"{""name"",""entrance""}","{""POINAME"",""POIFEATTYPE""}",,,,,,,,,,,,,,,,http://wiki.openstreetmap.org/wiki/Tag:tourism%3Dpicnic_site
Plateau,x,,,,nps/natural/plateau,"{""natural"":""landform"",""landform"":""plateau""}",,x,{name},{plateau},,,,,,,10,Yes,"{""POITYPE"":""Plateau""}",,"{""name"",""entrance""}","{""POINAME"",""POIFEATTYPE""}",,,,,,,,,,,,,,,,http://wiki.openstreetmap.org/wiki/Tag:natural%3Dlandform
Point of Interest,x,,,x,nps/tourism/yes_tourism,"{""tourism"":""yes""}",x,x,"{name,operator,address,opening_hours}","{""point of interest"",poi}",nps,Point of interest,,,,,10,Yes,"{""POITYPE"":""Point of Interest""}",,"{""name"",""entrance""}","{""POINAME"",""POIFEATTYPE""}",,,,,,,,,,,,,,,,http://wiki.openstreetmap.org/wiki/Key:tourism
Police,x,,,,nps/amenity/police,"{""amenity"":""police""}",,x,"{name,operator,address,opening_hours}","{police,""police station"",cops,""police force"",badge,constable,detective,fed,""law enforcement"",officer,patrol,emergency}",maki,police,,,,,10,Yes,"{""POITYPE"":""Police""}",,"{""name"",""entrance""}","{""POINAME"",""POIFEATTYPE""}",,,,,,,,,,,,,,,,http://wiki.openstreetmap.org/wiki/Tag:amenity%3Dpolice
Post Office,x,,,,nps/amenity/post_office,"{""amenity"":""post_office""}",,x,"{name,operator,address,opening_hours}","{""post office"",""mail office"",post,mail,letter,parcel,package}",npmaki,post-office-black,,,,,10,Yes,"{""POITYPE"":""Post Office""}",,"{""name"",""entrance""}","{""POINAME"",""POIFEATTYPE""}",,,,,,,,,,,Yes,,,"{""name""}","{""Common_Name""}",http://wiki.openstreetmap.org/wiki/Tag:amenity%3Dpost_office
Prairie,x,,,,nps/natural/prairie,"{""natural"":""grassland"",""grassland"":""prarie""}",,x,{name},"{prarie,grassland}",,,,,,,10,Yes,"{""POITYPE"":""Prarie""}",,"{""name"",""entrance""}","{""POINAME"",""POIFEATTYPE""}",,,,,,,,,,,,,,,,http://wiki.openstreetmap.org/wiki/Tag:natural%3Dgrassland
Primary Link,,x,,,nps/highway/primary_link,"{""highway"":""primary_link""}",x,,"{name,operator,surface,width,maxspeed,oneway,nps/trailuse,structure}","{ramp,""on ramp"",""off ramp""}",,,,highway-primary-link,,,10,,,,,,Yes,"{""RDSTATUS"":""Existing"",""RDMAINTAINER"":""NPS"",""RDCLASS"":""Primary""}",,"{""name"",""surface"",""oneway"",""lanes""}","{""RDNAME"",""RDSURFACE"",""RDONEWAY"",""RDLANES""}",,,,,,,,,,,http://wiki.openstreetmap.org/wiki/Highway_link
Primary Road,,x,,,nps/highway/primary,"{""highway"":""primary""}",x,,"{name,operator,surface,width,maxspeed,oneway,lanes,nps/trailuse,structure}","{""primary road"",primary,road,highway,interstate,""interstate highway""}",,,,highway-primary,,,10,,,,,,Yes,"{""RDSTATUS"":""Existing"",""RDMAINTAINER"":""NPS"",""RDCLASS"":""Primary""}",Yes,"{""name"",""surface"",""oneway"",""lanes""}","{""RDNAME"",""RDSURFACE"",""RDONEWAY"",""RDLANES""}",,,,,,,,,,,http://wiki.openstreetmap.org/wiki/Tag:highway%3Dprimary
Private Road,,x,,,nps/highway/private,"{""highway"":""road"",""access"":""private""}",x,,"{name,operator,surface,width,maxspeed,oneway,lanes,nps/trailuse,structure}","{""private road"",private,road}",,,,highway-road,,,10,,,,,,Yes,"{""RDSTATUS"":""Existing"",""RDMAINTAINER"":""NPS"",""RDCLASS"":""Private""}",,"{""name"",""surface"",""oneway"",""lanes""}","{""RDNAME"",""RDSURFACE"",""RDONEWAY"",""RDLANES""}",,,,,,,,,,,http://wiki.openstreetmap.org/wiki/Tag:access%3Dprivate
Public Building,x,,,,nps/building/public,"{""building"":""public""}",,x,"{name,address,levels,smoking}","{""public building"",public,civic,""town hall"",""court house""}",maki,building,,,,,10,Yes,"{""POITYPE"":""Public Building""}",,"{""name"",""entrance""}","{""POINAME"",""POIFEATTYPE""}",,,,,,,,,,,Yes,,,"{""name""}","{""Common_Name""}",http://wiki.openstreetmap.org/wiki/Tag:building%3Dpublic
Quarry (Mine),x,,x,,nps/landuse/quarry,"{""landuse"":""quarry""}",,x,"{name,operator,resource}","{quarry,mine}",,,,,,,10,Yes,"{""POITYPE"":""Quarry (Mine)""}",,"{""name"",""entrance""}","{""POINAME"",""POIFEATTYPE""}",,,,,,,,,,,,,,,,http://wiki.openstreetmap.org/wiki/Tag:landuse%3Dquarry
Radiator Water,x,,,,nps/emergency/water_tank,"{""emergency"":""water_tank""}",,x,"{name,operator,address}","{""radiator water"",""water tank""}",npmaki,radiator-water-black,,,,,10,Yes,"{""POITYPE"":""Radiator Water""}",,"{""name"",""entrance""}","{""POINAME"",""POIFEATTYPE""}",,,,,,,,,,,,,,,,http://wiki.openstreetmap.org/wiki/Tag:emergency%3Dwater_tank
Ranger Station,x,,,,nps/amenity/ranger_station,"{""amenity"":""ranger_station""}",,x,"{name,operator,address,opening_hours}","{""ranger station"",""permit center"",""permit centre"",""backcountry office"",""warden office"",""warden center""}",npmaki,ranger-station-black,,,,,10,Yes,"{""POITYPE"":""Ranger Station""}",,"{""name"",""entrance""}","{""POINAME"",""POIFEATTYPE""}",,,,,,,,,,,Yes,,,"{""name""}","{""Common_Name""}",http://wiki.openstreetmap.org/wiki/Tag:amenity%3Dranger_station
Rapids,x,x,,x,nps/waterway/rapids,"{""waterway"":""rapids""}",x,x,"{name,whitewater,width,rapid_grade}","{rapids,riffle,ripple}",maki,water,,,,,10,Yes,"{""POITYPE"":""Rapids""}",,"{""name"",""entrance""}","{""POINAME"",""POIFEATTYPE""}",,,,,,,,,,,,,,,,http://wiki.openstreetmap.org/wiki/Tag:waterway%3Drapids
Recycling,x,,,,nps/amenity/recycling,"{""amenity"":""recycling""}",,x,"{name,operator,address,recycling/cans,recycling/glass,recycling/paper,recycling/clothes}","{recycling,salvage,garbage,trash,can,bottle,scrap}",npmaki,recycling-black,,,,,10,Yes,"{""POITYPE"":""Recycling""}",,"{""name"",""entrance""}","{""POINAME"",""POIFEATTYPE""}",,,,,,,,,,,,,,,,http://wiki.openstreetmap.org/wiki/Tag:amenity%3Drecycling
Reef (Bar),x,,,,nps/natural/reef,"{""natural"":""reef""}",,x,{name},"{reef,bar,ledge,sandbar,shoal,spit}",,,,,,,10,Yes,"{""POITYPE"":""Reef (Bar)""}",,"{""name"",""entrance""}","{""POINAME"",""POIFEATTYPE""}",,,,,,,,,,,,,,,,http://wiki.openstreetmap.org/wiki/Tag:natural%3Dreef
Reserve,x,,x,,nps/leisure/nature_reserve,"{""leisure"":""nature_reserve""}",,x,"{name,operator}","{reserve,""nature reserve"",""wildlife reserve"",wildlife,""protected area"",protected}",maki,park,,,,,10,Yes,"{""POITYPE"":""Reserve""}",,"{""name"",""entrance""}","{""POINAME"",""POIFEATTYPE""}",,,,,,,,,,,,,,,,http://wiki.openstreetmap.org/wiki/Tag:leisure%3Dnature_reserve
Reservoir,x,,,,nps/natural/water/reservoir,"{""natural"":""water"",""water"":""reservoir"",""landuse"":""reservoir""}",,x,{name},"{reservoir,lake,tank}",maki,water,,,,,10,Yes,"{""POITYPE"":""Reservoir""}",,"{""name"",""entrance""}","{""POINAME"",""POIFEATTYPE""}",,,,,,,,,,,,,,,,http://wiki.openstreetmap.org/wiki/Tag:landuse%3Dreservoir
Residential Building,x,,,,nps/building/residential,"{""building"":""residential""}",,x,"{name,address,levels}","{""residential building"",residential}",maki,building,,,,,10,Yes,"{""POITYPE"":""Residential Building""}",,"{""name"",""entrance""}","{""POINAME"",""POIFEATTYPE""}",,,,,,,,,,,Yes,,,"{""name""}","{""Common_Name""}",http://wiki.openstreetmap.org/wiki/Tag:building%3Dresidential
Residential Road,,x,,,nps/highway/residential,"{""highway"":""residential""}",x,,"{name,operator,surface,width,maxspeed,oneway,lanes,nps/trailuse,structure}","{""residential road"",residential,road}",,,,highway-residential,,,10,,,,,,Yes,"{""RDSTATUS"":""Existing"",""RDMAINTAINER"":""NPS"",""RDCLASS"":""Local""}",Yes,"{""name"",""surface"",""oneway"",""lanes""}","{""RDNAME"",""RDSURFACE"",""RDONEWAY"",""RDLANES""}",,,,,,,,,,,http://wiki.openstreetmap.org/wiki/Tag:highway%3Dresidential
Restroom,x,,,,nps/amenity/toilets,"{""amenity"":""toilets""}",,x,"{name,operator,address,opening_hours,toilets/disposal,gender,indoor,fee,access}","{restroom,toilets,toilet,privy,head,bathroom,lavatory,wc,""water closet"",latrine,outhouse}",npmaki,restrooms-black,,,,,10,Yes,"{""POITYPE"":""Restroom""}",,"{""name"",""entrance""}","{""POINAME"",""POIFEATTYPE""}",,,,,,,,,,,Yes,,,"{""name""}","{""Common_Name""}",http://wiki.openstreetmap.org/wiki/Tag:amenity%3Dtoilets
Retail Building,x,,,,nps/building/retail,"{""building"":""retail""}",,x,"{name,address,levels,smoking}","{""retail building"",retail}",maki,commercial,,,,,10,Yes,"{""POITYPE"":""Retail Building""}",,"{""name"",""entrance""}","{""POINAME"",""POIFEATTYPE""}",,,,,,,,,,,Yes,,,"{""name""}","{""Common_Name""}",http://wiki.openstreetmap.org/wiki/Tag:building%3Dretail
Ridge,x,,,,nps/natural/ridge,"{""natural"":""ridge""}",x,,{name},"{ridge,crest,cuesta,escarpment,hogback,lae,rim,spur}",,,,,,,10,Yes,"{""POITYPE"":""Ridge""}",,"{""name"",""entrance""}","{""POINAME"",""POIFEATTYPE""}",,,,,,,,,,,,,,,,http://wiki.openstreetmap.org/wiki/Tag:natural%3Dridge
Row House,x,,,,nps/building/terrace,"{""building"":""terrace""}",,x,"{name,address,levels}","{""row house"",terrace,townhouse}",maki,building,,,,,10,Yes,"{""POITYPE"":""Row House""}",,"{""name"",""entrance""}","{""POINAME"",""POIFEATTYPE""}",,,,,,,,,,,Yes,,,"{""name""}","{""Common_Name""}",http://wiki.openstreetmap.org/wiki/Tag:building%3Dterrace
RV Campground,x,,,,nps/tourism/rv_campground,"{""tourism"":""camp_site"",""caravans"":""yes""}",,x,"{name,operator,address,opening_hours,capacity,fee}","{""rv campground"",campsite,""camp_site"",""motorhome park""}",npmaki,rv-campground-black,,,,,10,Yes,"{""POITYPE"":""RV Campground""}",,"{""name"",""entrance""}","{""POINAME"",""POIFEATTYPE""}",,,,,,,,,,,,,,,,http://wiki.openstreetmap.org/wiki/Tag:tourism%3Dcamp_site
Saddle (Gap),x,,,,nps/natural/saddle,"{""natural"":""saddle""}",,,"{name,ele,direction}","{saddle,gap,col,notch,pass,""water gap"",""wind gap""}",,,,,,,10,Yes,"{""POITYPE"":""Saddle (Gap)""}",,"{""name"",""entrance""}","{""POINAME"",""POIFEATTYPE""}",,,,,,,,,,,,,,,,http://wiki.openstreetmap.org/wiki/Tag:natural%3Dsaddle
Sailing,x,,,,nps/sport/sailing,"{""sport"":""sailing""}",x,x,{name},{sailing},npmaki,sailing-black,,,,,10,Yes,"{""POITYPE"":""Sailing""}",,"{""name"",""entrance""}","{""POINAME"",""POIFEATTYPE""}",,,,,,,,,,,,,,,,http://wiki.openstreetmap.org/wiki/Tag:sport%3Dsailing
Sanitary Disposal Station,x,,,,nps/amenity/dumpstation,"{""amenity"":""dumpstation""}",,,"{name,operator,address}","{""sanitary disposal station"",dumpstation,""dump station""}",npmaki,sanitary-disposal-station-black,,,,,10,Yes,"{""POITYPE"":""Sanitary Disposal Station""}",,"{""name"",""entrance""}","{""POINAME"",""POIFEATTYPE""}",,,,,,,,,,,,,,,,http://wiki.openstreetmap.org/wiki/Tag:amenity%3Ddumpstation
School Building,x,,,,nps/building/school,"{""building"":""school""}",,x,"{name,address,levels}","{""school building"",school,academy,""elementary school"",""middle school"",""high school""}",maki,school,,,,,10,Yes,"{""POITYPE"":""School Building""}",,"{""name"",""entrance""}","{""POINAME"",""POIFEATTYPE""}",,,,,,,,,,,Yes,,,"{""name""}","{""Common_Name""}",http://wiki.openstreetmap.org/wiki/Tag:building%3Dschool
Scuba Diving,x,,,,nps/sport/scuba_diving,"{""sport"":""scuba_diving""}",x,x,{name},"{""scuba diving""}",npmaki,scuba-diving-black,,,,,10,Yes,"{""POITYPE"":""Scuba Diving""}",,"{""name"",""entrance""}","{""POINAME"",""POIFEATTYPE""}",,,,,,,,,,,,,,,,http://wiki.openstreetmap.org/wiki/Tag:sport%3Dscuba_diving
Sea,x,,,,nps/place/sea,"{""place"":""sea""}",,,{name},"{sea,gulf,ocean}",maki,water,,,,,10,Yes,"{""POITYPE"":""Sea""}",,"{""name"",""entrance""}","{""POINAME"",""POIFEATTYPE""}",,,,,,,,,,,,,,,,http://wiki.openstreetmap.org/wiki/Tag:place%3Dsea
Secondary Link,,x,,,nps/highway/secondary_link,"{""highway"":""secondary_link""}",x,,"{name,operator,surface,width,maxspeed,oneway,nps/trailuse,structure}","{ramp,""on ramp"",""off ramp""}",,,,highway-secondary-link,,,10,,,,,,Yes,"{""RDSTATUS"":""Existing"",""RDMAINTAINER"":""NPS"",""RDCLASS"":""Secondary""}",,"{""name"",""surface"",""oneway"",""lanes""}","{""RDNAME"",""RDSURFACE"",""RDONEWAY"",""RDLANES""}",,,,,,,,,,,http://wiki.openstreetmap.org/wiki/Highway_link
Secondary Road,,x,,,nps/highway/secondary,"{""highway"":""secondary""}",x,,"{name,operator,surface,width,maxspeed,oneway,lanes,nps/trailuse,structure}","{""secondary road"",secondary,road,""us highway"",""state highway"",""county highway""}",,,,highway-secondary,,,10,,,,,,Yes,"{""RDSTATUS"":""Existing"",""RDMAINTAINER"":""NPS"",""RDCLASS"":""Secondary""}",Yes,"{""name"",""surface"",""oneway"",""lanes""}","{""RDNAME"",""RDSURFACE"",""RDONEWAY"",""RDLANES""}",,,,,,,,,,,http://wiki.openstreetmap.org/wiki/Tag:highway%3Dsecondary
Service Road,,x,,,nps/highway/service,"{""highway"":""service""}",x,,"{name,operator,surface,width,maxspeed,oneway,lanes,nps/trailuse,service,structure}","{""service road"",service,road}",,,,highway-service,,,10,,,,,,Yes,"{""RDSTATUS"":""Existing"",""RDMAINTAINER"":""NPS"",""RDCLASS"":""Service""}",,"{""name"",""surface"",""oneway"",""lanes""}","{""RDNAME"",""RDSURFACE"",""RDONEWAY"",""RDLANES""}",,,,,,,,,,,http://wiki.openstreetmap.org/wiki/Tag:highway%3Dservice
Shaft (Mine),x,,x,,nps/man_made/mineshaft,"{""man_made"":""mineshaft""}",,x,"{name,operator,resource}","{shaft,mine,mineshaft,adit}",,,,,,,10,Yes,"{""POITYPE"":""Shaft (Mine)""}",,"{""name"",""entrance""}","{""POINAME"",""POIFEATTYPE""}",,,,,,,,,,,,,,,,http://wiki.openstreetmap.org/wiki/Tag:man_made%3Dmineshaft
Shed,x,,,,nps/building/shed,"{""building"":""shed""}",,x,"{name,address,levels}",{shed},maki,building,,,,,10,Yes,"{""POITYPE"":""Shed""}",,"{""name"",""entrance""}","{""POINAME"",""POIFEATTYPE""}",,,,,,,,,,,Yes,,,"{""name""}","{""Common_Name""}",http://wiki.openstreetmap.org/wiki/Tag:building%3Dshed
Shelter,x,,,,nps/amenity/shelter,"{""amenity"":""shelter"",""building"":""hut""}",,x,"{name,operator,address,shelter_type,drinking_water}","{shelter,sanctuary,cover,hide,lean-to,gazebo,picnic}",npmaki,shelter-black,,,,,10,Yes,"{""POITYPE"":""Shelter""}",,"{""name"",""entrance""}","{""POINAME"",""POIFEATTYPE""}",,,,,,,,,,,Yes,,,"{""name""}","{""Common_Name""}",http://wiki.openstreetmap.org/wiki/Tag:amenity%3Dshelter
Shoal (Bar),x,,,,nps/natural/shoal,"{""natural"":""shoal""}",x,x,"{name,tidal}","{shoal,bar,ledge,reef,sandbar,spit}",,,,,,,10,Yes,"{""POITYPE"":""Shoal (Bar)""}",,"{""name"",""entrance""}","{""POINAME"",""POIFEATTYPE""}",,,,,,,,,,,,,,,,http://wiki.openstreetmap.org/wiki/Tag:natural%3Dshoal
Showers,x,,,,nps/amenity/shower,"{""amenity"":""shower""}",,x,"{name,operator,address,opening_hours,fee,access}","{showers,shower,bath}",npmaki,showers-black,,,,,10,Yes,"{""POITYPE"":""Showers""}",,"{""name"",""entrance""}","{""POINAME"",""POIFEATTYPE""}",,,,,,,,,,,Yes,,,"{""name""}","{""Common_Name""}",http://wiki.openstreetmap.org/wiki/Tag:amenity%3Dshower
Sidewalk,,x,,,nps/footway/sidewalk,"{""highway"":""footway"",""footway"":""sidewalk""}",x,,"{name,operator,surface,lit,width,nps/trailuse,structure}","{sidewalk,footway}",,,,,,,10,Yes,"{""POITYPE"":""Sidewalk""}",,"{""name"",""entrance""}","{""POINAME"",""POIFEATTYPE""}",,,,,,Yes,"{""TRLFEATTYPE"":""Sidewalk"",""TRLSTATUS"":""Existing"",""TRLTYPE"":""Unknown""}",,"{""name"",""surface"",""tracktype""}","{""TRLNAME"",""TRLSURFACE"",""TRLCLASS""}",,,,,,http://wiki.openstreetmap.org/wiki/Tag:highway%3Dfootway
Sledding,x,,,,nps/piste_type/sled,"{""piste:type"":""sled""}",x,,"{name,operator,tracktype,surface,width,incline,mtb/scale,mtb/scale/uphill,mtb/scale/imba,sac_scale,trail_visibility,nps/trailuse,piste/difficulty}","{sledding,sled}",npmaki,sledding-black,,,,,10,Yes,"{""POITYPE"":""Sledding""}",,"{""name"",""entrance""}","{""POINAME"",""POIFEATTYPE""}",,,,,,,,,,,,,,,,http://wiki.openstreetmap.org/wiki/Key:piste:type
Snowmobile Trail,x,x,,,nps/highway/snowmobile_trail,"{""highway"":""track"",""snowmobile"":""yes""}",x,,"{name,operator,tracktype,surface,width,incline,mtb/scale,mtb/scale/uphill,mtb/scale/imba,sac_scale,trail_visibility,nps/trailuse}","{""snowmobile trail"",snowmobile,""snow machine"",trail,track}",npmaki,snowmobile-trail-black,,highway-track,,,10,Yes,"{""POITYPE"":""Snowmobile Trail""}",,"{""name"",""entrance""}","{""POINAME"",""POIFEATTYPE""}",,,,,,Yes,"{""TRLFEATTYPE"":""Park Trail"",""TRLSTATUS"":""Existing"",""TRLTYPE"":""Unknown"",""TRLUSE_SNOWMOBILE"":""Yes""}",,"{""name"",""surface"",""tracktype""}","{""TRLNAME"",""TRLSURFACE"",""TRLCLASS""}",,,,,,http://wiki.openstreetmap.org/wiki/Key:snowmobile
Snowshoe Trail,x,x,,,nps/piste_type/snowshoe,"{""piste:type"":""hike""}",x,,"{name,operator,tracktype,surface,width,incline,mtb/scale,mtb/scale/uphill,mtb/scale/imba,sac_scale,trail_visibility,nps/trailuse,piste/difficulty}","{""snowshoe trail"",snowshoe,trail,track}",nps,Snowshoeing,,highway-path,,,10,Yes,"{""POITYPE"":""Snowshoe Trail""}",,"{""name"",""entrance""}","{""POINAME"",""POIFEATTYPE""}",,,,,,Yes,"{""TRLFEATTYPE"":""Park Trail"",""TRLSTATUS"":""Existing"",""TRLTYPE"":""Unknown"",""TRLUSE_SNOWSHOE"":""Yes""}",,"{""name"",""surface"",""tracktype""}","{""TRLNAME"",""TRLSURFACE"",""TRLCLASS""}",,,,,,http://wiki.openstreetmap.org/wiki/Key:piste:type
Spring,x,,,,nps/natural/spring,"{""natural"":""spring""}",,,"{name,drinking_water}","{spring,seep}",,,,,,,10,Yes,"{""POITYPE"":""Spring""}",,"{""name"",""entrance""}","{""POINAME"",""POIFEATTYPE""}",,,,,,,,,,,,,,,,http://wiki.openstreetmap.org/wiki/Tag:natural%3Dspring
Stable,x,,,,nps/building/stable,"{""building"":""stable""}",,x,"{name,address,levels,landuse}",{stable},npmaki,stable-black,,,,,10,Yes,"{""POITYPE"":""Stable""}",,"{""name"",""entrance""}","{""POINAME"",""POIFEATTYPE""}",,,,,,,,,,,Yes,,,"{""name""}","{""Common_Name""}",http://wiki.openstreetmap.org/wiki/Tag:building%3Dstable
Static Mobile Home,x,,,,nps/building/static_caravan,"{""building"":""static_caravan""}",,x,"{name,address,levels}","{""static mobile home"",""static caravan"",""mobile home""}",maki,building,,,,,10,Yes,"{""POITYPE"":""Static Mobile Home""}",,"{""name"",""entrance""}","{""POINAME"",""POIFEATTYPE""}",,,,,,,,,,,Yes,,,"{""name""}","{""Common_Name""}",http://wiki.openstreetmap.org/wiki/Tag:building%3Dstatic_caravan
Store,x,,,,nps/shop/general,"{""shop"":""general""}",,x,"{name,operator,address,opening_hours}","{store,shop,""general store""}",npmaki,store-black,,,,,10,Yes,"{""POITYPE"":""Store""}",,"{""name"",""entrance""}","{""POINAME"",""POIFEATTYPE""}",,,,,,,,,,,Yes,,,"{""name""}","{""Common_Name""}",http://wiki.openstreetmap.org/wiki/Tag:shop%3Dgeneral
Strait (Channel),x,,,,nps/natural/strait,"{""natural"":""strait""}",,x,{name},"{strait,channel,passage,reach,thoroughfare,throughfare}",,,,,,,10,Yes,"{""POITYPE"":""Strait (Channel)""}",,"{""name"",""entrance""}","{""POINAME"",""POIFEATTYPE""}",,,,,,,,,,,,,,,,http://wiki.openstreetmap.org/wiki/Tag:natural%3Dstrait
Stream,x,x,,,nps/waterway/stream,"{""waterway"":""stream""}",x,,{name},"{beck,branch,brook,burn,course,creek,current,drift,flood,flow,freshet,race,rill,rindle,rivulet,run,runnel,rush,spate,spritz,surge,tide,torrent,tributary,watercourse}",maki,water,,waterway-stream,,,10,Yes,"{""POITYPE"":""Stream""}",,"{""name"",""entrance""}","{""POINAME"",""POIFEATTYPE""}",,,,,,,,,,,,,,,,http://wiki.openstreetmap.org/wiki/Tag:waterway%3Dstream
Swamp,x,,,,nps/natural/wetland/swamp,"{""natural"":""wetland"",""wetland"":""swamp""}",,x,{name},"{swamp,wetland,bog,cienega,marais,marsh,pocosin}",maki,water,,,,,10,Yes,"{""POITYPE"":""Swamp""}",,"{""name"",""entrance""}","{""POINAME"",""POIFEATTYPE""}",,,,,,,,,,,,,,,,http://wiki.openstreetmap.org/wiki/Tag:natural%3Dwetland
Swimming Area,x,,,,nps/sport/swimming,"{""sport"":""swimming""}",,x,{name},"{""swimming area""}",npmaki,swimming-black,,,,,10,Yes,"{""POITYPE"":""Swimming Area""}",,"{""name"",""entrance""}","{""POINAME"",""POIFEATTYPE""}",,,,,,,,,,,,,,,,http://wiki.openstreetmap.org/wiki/Tag:sport%3Dswimming
Telephone,x,,,,nps/amenity/telephone,"{""amenity"":""telephone""}",,,"{name,operator,address,indoor}","{telephone,phone,""telephone box"",""phone booth""}",npmaki,telephone-black,,,,,10,Yes,"{""POITYPE"":""Telephone""}",,"{""name"",""entrance""}","{""POINAME"",""POIFEATTYPE""}",,,,,,,,,,,,,,,,http://wiki.openstreetmap.org/wiki/Tag:amenity%3Dtelephone
Tertiary Link,,x,,,nps/highway/tertiary_link,"{""highway"":""tertiary_link""}",x,,"{name,operator,surface,width,maxspeed,oneway,nps/trailuse,structure}","{ramp,""on ramp"",""off ramp""}",,,,highway-tertiary-link,,,10,,,,,,Yes,"{""RDSTATUS"":""Existing"",""RDMAINTAINER"":""NPS"",""RDCLASS"":""Local""}",,"{""name"",""surface"",""oneway"",""lanes""}","{""RDNAME"",""RDSURFACE"",""RDONEWAY"",""RDLANES""}",,,,,,,,,,,http://wiki.openstreetmap.org/wiki/Highway_link
Tertiary Road,,x,,,nps/highway/tertiary,"{""highway"":""tertiary""}",x,,"{name,operator,surface,width,maxspeed,oneway,lanes,nps/trailuse,structure}","{""tertiary road"",tertiary,road}",,,,highway-tertiary,,,10,,,,,,Yes,"{""RDSTATUS"":""Existing"",""RDMAINTAINER"":""NPS"",""RDCLASS"":""Local""}",,"{""name"",""surface"",""oneway"",""lanes""}","{""RDNAME"",""RDSURFACE"",""RDONEWAY"",""RDLANES""}",,,,,,,,,,,http://wiki.openstreetmap.org/wiki/Tag:highway%3Dtertiary
Tower,x,,x,,nps/man_made/tower,"{""man_made"":""tower""}",,x,"{name,operator,tower/type}","{tower,castle,overlook}",nps,Lookout tower,,,,,10,Yes,"{""POITYPE"":""Tower""}",,"{""name"",""entrance""}","{""POINAME"",""POIFEATTYPE""}",,,,,,,,,,,,,,,,http://wiki.openstreetmap.org/wiki/Tag:man_made%3Dtower
Track,x,x,,,nps/highway/track,"{""highway"":""track""}",x,,"{name,operator,tracktype,surface,width,incline,mtb/scale,mtb/scale/uphill,mtb/scale/imba,sac_scale,trail_visibility,nps/trailuse,structure}","{track,trail}",npmaki,trailhead-black,,highway-track,,,10,Yes,"{""POITYPE"":""Track""}",,"{""name"",""entrance""}","{""POINAME"",""POIFEATTYPE""}",,,,,,Yes,"{""TRLFEATTYPE"":""Park Trail"",""TRLSTATUS"":""Existing"",""TRLTYPE"":""Unknown""}",,"{""name"",""surface"",""tracktype""}","{""TRLNAME"",""TRLSURFACE"",""TRLCLASS""}",,,,,,http://wiki.openstreetmap.org/wiki/Tag:highway%3Dtrack
Traffic Signals,x,,,,nps/highway/traffic_signals,"{""highway"":""traffic_signals""}",,,"{name,operator,address}","{""traffic signals"",""traffic signal"",""traffic light"",""stop light"",stoplight}",maki,circle,,,,,10,Yes,"{""POITYPE"":""Traffic Signals""}",,"{""name"",""entrance""}","{""POINAME"",""POIFEATTYPE""}",,,,,,,,,,,,,,,,http://wiki.openstreetmap.org/wiki/Tag:highway%3Dtraffic_signals
Trail,x,x,,,nps/highway/path,"{""highway"":""path""}",x,,"{name,operator,tracktype,surface,width,incline,mtb/scale,mtb/scale/uphill,mtb/scale/imba,sac_scale,trail_visibility,nps/trailuse,structure}","{trail,path,track,hike,hiking,trackway,walk,footpath}",npmaki,trailhead-black,,highway-path,,,10,Yes,"{""POITYPE"":""Trail""}",,"{""name"",""entrance""}","{""POINAME"",""POIFEATTYPE""}",,,,,,Yes,"{""TRLFEATTYPE"":""Park Trail"",""TRLSTATUS"":""Existing"",""TRLTYPE"":""Unknown"",""TRLUSE_FOOT"":""Yes""}",,"{""name"",""surface"",""tracktype""}","{""TRLNAME"",""TRLSURFACE"",""TRLCLASS""}",,,,,,http://wiki.openstreetmap.org/wiki/Tag:highway%3Dpath
Trailhead,x,,,,nps/highway/trailhead,"{""highway"":""trailhead""}",,,"{name,operator,tracktype,surface,width,incline,mtb/scale,mtb/scale/uphill,mtb/scale/imba,sac_scale,trail_visibility,nps/trailuse}","{trailhead,""trail head"",trail,track}",npmaki,trailhead-black,,,,,10,Yes,"{""POITYPE"":""Trailhead""}",,"{""name"",""entrance""}","{""POINAME"",""POIFEATTYPE""}",,,,,,,,,,,,,,,,http://wiki.openstreetmap.org/wiki/Tag:highway%3Dtrailhead
Train Station,x,,,,nps/building/train_station,"{""building"":""train_station""}",,x,"{name,address,levels,smoking}","{""train station"",""railway station""}",maki,rail,,,,,10,Yes,"{""POITYPE"":""Train Station""}",,"{""name"",""entrance""}","{""POINAME"",""POIFEATTYPE""}",,,,,,,,,,,Yes,,,"{""name""}","{""Common_Name""}",http://wiki.openstreetmap.org/wiki/Tag:building%3Dtrain_station
Trunk Link,,x,,,nps/highway/trunk_link,"{""highway"":""trunk_link""}",x,,"{name,operator,surface,width,maxspeed,oneway,nps/trailuse,structure}","{ramp,""on ramp"",""off ramp""}",,,,highway-trunk-link,,,10,,,,,,Yes,"{""RDSTATUS"":""Existing"",""RDMAINTAINER"":""NPS"",""RDCLASS"":""Local""}",,"{""name"",""surface"",""oneway"",""lanes""}","{""RDNAME"",""RDSURFACE"",""RDONEWAY"",""RDLANES""}",,,,,,,,,,,http://wiki.openstreetmap.org/wiki/Highway_link
Trunk Road,,x,,,nps/highway/trunk,"{""highway"":""trunk""}",x,,"{name,operator,surface,width,maxspeed,oneway,lanes,nps/trailuse,structure}","{""trunk road"",trunk,road}",,,,highway-trunk,,,10,,,,,,Yes,"{""RDSTATUS"":""Existing"",""RDMAINTAINER"":""NPS"",""RDCLASS"":""Local""}",,"{""name"",""surface"",""oneway"",""lanes""}","{""RDNAME"",""RDSURFACE"",""RDONEWAY"",""RDLANES""}",,,,,,,,,,,http://wiki.openstreetmap.org/wiki/Tag:highway%3Dtrunk
Turning Circle,x,,,,nps/highway/turning_circle,"{""highway"":""turning_circle""}",,,"{name,operator,address}","{""turning circle"",cul-de-sac,""dead end street"",""blind alley""}",maki,circle,,,,,10,Yes,"{""POITYPE"":""Turning Circle""}",,"{""name"",""entrance""}","{""POINAME"",""POIFEATTYPE""}",,,,,,,,,,,,,,,,http://wiki.openstreetmap.org/wiki/Tag:building%3Dturning_circle
Unclassified Road,,x,,,nps/highway/unclassified,"{""highway"":""unclassified""}",x,,"{name,operator,surface,width,maxspeed,oneway,lanes,nps/trailuse,structure}","{""unclassified road"",unclassified,road}",,,,highway-unclassified,,,10,,,,,,Yes,"{""RDSTATUS"":""Existing"",""RDMAINTAINER"":""NPS"",""RDCLASS"":""Local""}",,"{""name"",""surface"",""oneway"",""lanes""}","{""RDNAME"",""RDSURFACE"",""RDONEWAY"",""RDLANES""}",,,,,,,,,,,http://wiki.openstreetmap.org/wiki/Tag:highway%3Dunclassified
University Building,x,,,,nps/building/university,"{""building"":""university""}",,x,"{name,address,levels}","{""university building"",university,college}",maki,college,,,,,10,Yes,"{""POITYPE"":""University Building""}",,"{""name"",""entrance""}","{""POINAME"",""POIFEATTYPE""}",,,,,,,,,,,Yes,,,"{""name""}","{""Common_Name""}",http://wiki.openstreetmap.org/wiki/Tag:building%3Duniversity
Unknown Road,,x,,,nps/highway/road,"{""highway"":""road""}",x,,"{name,operator,surface,width,maxspeed,oneway,lanes,nps/trailuse,structure}","{""unknown road"",road}",,,,highway-road,,,10,,,,,,Yes,"{""RDSTATUS"":""Existing"",""RDMAINTAINER"":""NPS"",""RDCLASS"":""Unknown""}",,"{""name"",""surface"",""oneway"",""lanes""}","{""RDNAME"",""RDSURFACE"",""RDONEWAY"",""RDLANES""}",,,,,,,,,,,http://wiki.openstreetmap.org/wiki/Tag:highway%3Droad
Valley,x,,,,nps/natural/valley,"{""natural"":""valley""}",x,,{name},"{valley,barranca,canyon,chasm,cove,draw,glen,gorge,gulch,gulf,hollow,ravine}",,,,,,,10,Yes,"{""POITYPE"":""Valley""}",,"{""name"",""entrance""}","{""POINAME"",""POIFEATTYPE""}",,,,,,,,,,,,,,,,http://wiki.openstreetmap.org/wiki/Tag:natural%3Dvalley
Viewpoint,x,,,,nps/tourism/viewpoint,"{""tourism"":""viewpoint""}",,x,"{name,operator,address,opening_hours}","{viewpoint,""scenic viewpoint"",scenic,scenery}",nps,Viewing area|Scenic viewpoint,,,,,10,Yes,"{""POITYPE"":""Viewpoint""}",,"{""name"",""entrance""}","{""POINAME"",""POIFEATTYPE""}",,,,,,,,,,,,,,,,http://wiki.openstreetmap.org/wiki/Tag:tourism%3Dviewpoint
Visitor Center,x,,,,nps/tourism/visitor_center,"{""tourism"":""information"",""information"":""office""}",,x,"{name,operator,address,opening_hours}","{""visitor center"",""visitor centre"",""visitor information"",information}",npmaki,visitor-center-black,,,,,10,Yes,"{""POITYPE"":""Visitor Center""}",,"{""name"",""entrance""}","{""POINAME"",""POIFEATTYPE""}",,,,,,,,,,,Yes,,,"{""name""}","{""Common_Name""}",http://wiki.openstreetmap.org/wiki/Tag:tourism%3Dinformation
Volcano (Crater),x,,,,nps/natural/volcano,"{""natural"":""volcano""}",,,"{name,status,ele,type}","{volcano,crater,caldera}",maki,triangle,,,,,10,Yes,"{""POITYPE"":""Volcano (Crater)""}",,"{""name"",""entrance""}","{""POINAME"",""POIFEATTYPE""}",,,,,,,,,,,,,,,,http://wiki.openstreetmap.org/wiki/Tag:natural%3Dvolcano
Warehouse,x,,,,nps/building/warehouse,"{""building"":""warehouse""}",,x,"{name,address,levels}","{warehouse,storage}",maki,warehouse,,,,,10,Yes,"{""POITYPE"":""Warehouse""}",,"{""name"",""entrance""}","{""POINAME"",""POIFEATTYPE""}",,,,,,,,,,,Yes,,,"{""name""}","{""Common_Name""}",http://wiki.openstreetmap.org/wiki/Tag:building%3Dwarehouse
Waste Basket,x,,,,nps/amenity/waste_basket,"{""amenity"":""waste_basket""}",,,"{name,operator,address,waste,bin}","{""waste basket"",""waste paper basket"",""trash bin"",""waste bin"",trash,rubbish,litter,garbage}",npmaki,litter-receptacle-black,,,,,10,Yes,"{""POITYPE"":""Waste Basket""}",,"{""name"",""entrance""}","{""POINAME"",""POIFEATTYPE""}",,,,,,,,,,,,,,,,http://wiki.openstreetmap.org/wiki/Tag:amenity%3Dwaste_basket
Water Well,x,,x,,nps/man_made/water_well,"{""man_made"":""water_well""}",,x,"{name,operator,drinking_water,pump}","{""water well""}",,,,,,,10,Yes,"{""POITYPE"":""Water Well""}",,"{""name"",""entrance""}","{""POINAME"",""POIFEATTYPE""}",,,,,,,,,,,,,,,,http://wiki.openstreetmap.org/wiki/Tag:man_made%3Dwater_well
Waterfall,x,x,,,nps/waterway/waterfall,"{""waterway"":""waterfall""}",,,{name},"{waterfall,falls,cascade,cataract}",maki,water,,,,,10,Yes,"{""POITYPE"":""Waterfall""}",,"{""name"",""entrance""}","{""POINAME"",""POIFEATTYPE""}",,,,,,,,,,,,,,,,http://wiki.openstreetmap.org/wiki/Tag:waterway%3Dwaterfall
Wetland,x,,,,nps/natural/wetland,"{""natural"":""wetland""}",,x,{name},{wetland},maki,wetland,,,,,10,Yes,"{""POITYPE"":""Wetland""}",,"{""name"",""entrance""}","{""POINAME"",""POIFEATTYPE""}",,,,,,,,,,,,,,,,http://wiki.openstreetmap.org/wiki/Tag:natural%3Dwetland
Wheelchair Accessible,x,,,,nps/wheelchair/yes_wheelchair,"{""wheelchair"":""yes""}",x,x,{name},"{""wheelchair accessible"",wheelchair,accessible}",npmaki,wheelchair-accessible-black,,,,,10,Yes,"{""POITYPE"":""Wheelchair Accessible""}",,"{""name"",""entrance""}","{""POINAME"",""POIFEATTYPE""}",,,,,,,,,,,,,,,,http://wiki.openstreetmap.org/wiki/Key:wheelchair#wheelchair.3Dyes
Wifi,x,,,,nps/wifi/yes_wifi,"{""wifi"":""yes""}",x,x,{name},"{wifi,internet,online}",nps,Wi-Fi,,,,,10,Yes,"{""POITYPE"":""Wifi""}",,"{""name"",""entrance""}","{""POINAME"",""POIFEATTYPE""}",,,,,,,,,,,,,,,,http://wiki.openstreetmap.org/wiki/Key:internet_access
Wind Surfing Area,x,,,,nps/sport/windsurfing,"{""sport"":""windsurfing""}",x,x,{name},"{""wind surfing area""}",npmaki,wind-surfing-black,,,,,10,Yes,"{""POITYPE"":""Wind Surfing Area""}",,"{""name"",""entrance""}","{""POINAME"",""POIFEATTYPE""}",,,,,,,,,,,,,,,,http://wiki.openstreetmap.org/wiki/Tag:sport%3Dwindsurfing
Woods,x,,,,nps/natural/wood,"{""natural"":""wood""}",,x,"{name,leaf_type,leaf_cycle,crop}","{wood,forest,park,jungle}",maki,park2,,,,,10,Yes,"{""POITYPE"":""Woods""}",,"{""name"",""entrance""}","{""POINAME"",""POIFEATTYPE""}",,,,,,,,,,,,,,,,http://wiki.openstreetmap.org/wiki/Tag:natural%3Dwood
Horseback Riding,x,,,x,nps/leisure/horseback_riding,"{""leisure"":""horse_riding""}",,,{name},"{horse,riding,horseback}",npmaki,horseback-riding-black,,,,,10,Yes,,,,,,,,,,,,,,,,,,,,http://wiki.openstreetmap.org/wiki/Proposed_features/Riding_Stable
Entrance/Exit,,,,x,nps/building/entrance,"{""building"":""entrance""}",,,{name},{entrance},maki,entrance,,,,,10,Yes,,,,,,,,,,,,,,,,,,,,http://wiki.openstreetmap.org/wiki/Tag:building%3Dentrance
